{"_timestamp":1.759412987943372e+09,"train/learning_rate":1.2764065824334371e-05,"train/grad_norm":11.152921676635742,"train/global_step":600,"_runtime":75,"train/epoch":0.6666666666666666,"_step":11,"_wandb":{"runtime":75},"train/loss":0.7}